<?xml version="1.0" encoding="UTF-8"?>
<channel>
  <id type="integer">363234</id>
  <name>Pruebas Marzo  2018</name>
  <latitude type="decimal">38.949966</latitude>
  <longitude type="decimal">-0.196226</longitude>
  <field1>Temperatura (ºC)</field1>
  <field2>Humedad (%)</field2>
  <field3>Salinidad (%)</field3>
  <field4>Iluminación (lux)</field4>
  <field5>Presión (mb)</field5>
  <created-at type="dateTime">2017-11-12T12:36:08Z</created-at>
  <updated-at type="dateTime">2018-03-02T11:42:40Z</updated-at>
  <last-entry-id type="integer">161</last-entry-id>
  <feeds type="array">
    <feed>
      <created-at type="dateTime">2018-03-02T11:02:11Z</created-at>
      <entry-id type="integer">62</entry-id>
      <field1>20.40</field1>
      <field2>52.00</field2>
      <field3>77.00</field3>
      <field4>6404.59</field4>
      <field5>997.82</field5>
      <id type="integer" nil="true"/>
    </feed>
    <feed>
      <created-at type="dateTime">2018-03-02T11:02:35Z</created-at>
      <entry-id type="integer">63</entry-id>
      <field1>20.62</field1>
      <field2>52.00</field2>
      <field3>77.00</field3>
      <field4>6404.59</field4>
      <field5>997.80</field5>
      <id type="integer" nil="true"/>
    </feed>
    <feed>
      <created-at type="dateTime">2018-03-02T11:02:59Z</created-at>
      <entry-id type="integer">64</entry-id>
      <field1>20.67</field1>
      <field2>52.00</field2>
      <field3>77.00</field3>
      <field4>6399.90</field4>
      <field5>997.82</field5>
      <id type="integer" nil="true"/>
    </feed>
    <feed>
      <created-at type="dateTime">2018-03-02T11:03:24Z</created-at>
      <entry-id type="integer">65</entry-id>
      <field1>20.66</field1>
      <field2>52.00</field2>
      <field3>77.00</field3>
      <field4>6395.20</field4>
      <field5>997.82</field5>
      <id type="integer" nil="true"/>
    </feed>
    <feed>
      <created-at type="dateTime">2018-03-02T11:03:48Z</created-at>
      <entry-id type="integer">66</entry-id>
      <field1>20.67</field1>
      <field2>52.00</field2>
      <field3>77.00</field3>
      <field4>6399.90</field4>
      <field5>997.72</field5>
      <id type="integer" nil="true"/>
    </feed>
    <feed>
      <created-at type="dateTime">2018-03-02T11:04:12Z</created-at>
      <entry-id type="integer">67</entry-id>
      <field1>20.90</field1>
      <field2>52.00</field2>
      <field3>77.00</field3>
      <field4>6390.49</field4>
      <field5>997.72</field5>
      <id type="integer" nil="true"/>
    </feed>
    <feed>
      <created-at type="dateTime">2018-03-02T11:04:36Z</created-at>
      <entry-id type="integer">68</entry-id>
      <field1>20.96</field1>
      <field2>52.00</field2>
      <field3>77.00</field3>
      <field4>6390.49</field4>
      <field5>997.75</field5>
      <id type="integer" nil="true"/>
    </feed>
    <feed>
      <created-at type="dateTime">2018-03-02T11:05:00Z</created-at>
      <entry-id type="integer">69</entry-id>
      <field1>21.04</field1>
      <field2>52.00</field2>
      <field3>77.00</field3>
      <field4>6376.40</field4>
      <field5>997.67</field5>
      <id type="integer" nil="true"/>
    </feed>
    <feed>
      <created-at type="dateTime">2018-03-02T11:05:25Z</created-at>
      <entry-id type="integer">70</entry-id>
      <field1>21.00</field1>
      <field2>52.00</field2>
      <field3>77.00</field3>
      <field4>6423.40</field4>
      <field5>997.69</field5>
      <id type="integer" nil="true"/>
    </feed>
    <feed>
      <created-at type="dateTime">2018-03-02T11:05:49Z</created-at>
      <entry-id type="integer">71</entry-id>
      <field1>20.96</field1>
      <field2>52.00</field2>
      <field3>77.00</field3>
      <field4>6423.40</field4>
      <field5>997.71</field5>
      <id type="integer" nil="true"/>
    </feed>
    <feed>
      <created-at type="dateTime">2018-03-02T11:06:13Z</created-at>
      <entry-id type="integer">72</entry-id>
      <field1>20.97</field1>
      <field2>52.00</field2>
      <field3>77.00</field3>
      <field4>6428.09</field4>
      <field5>997.72</field5>
      <id type="integer" nil="true"/>
    </feed>
    <feed>
      <created-at type="dateTime">2018-03-02T11:06:39Z</created-at>
      <entry-id type="integer">73</entry-id>
      <field1>20.80</field1>
      <field2>52.00</field2>
      <field3>77.00</field3>
      <field4>6409.30</field4>
      <field5>997.75</field5>
      <id type="integer" nil="true"/>
    </feed>
    <feed>
      <created-at type="dateTime">2018-03-02T11:07:04Z</created-at>
      <entry-id type="integer">74</entry-id>
      <field1>20.91</field1>
      <field2>52.00</field2>
      <field3>77.00</field3>
      <field4>6423.40</field4>
      <field5>997.73</field5>
      <id type="integer" nil="true"/>
    </feed>
    <feed>
      <created-at type="dateTime">2018-03-02T11:07:28Z</created-at>
      <entry-id type="integer">75</entry-id>
      <field1>20.93</field1>
      <field2>52.00</field2>
      <field3>77.00</field3>
      <field4>6409.30</field4>
      <field5>997.47</field5>
      <id type="integer" nil="true"/>
    </feed>
    <feed>
      <created-at type="dateTime">2018-03-02T11:07:52Z</created-at>
      <entry-id type="integer">76</entry-id>
      <field1>20.84</field1>
      <field2>52.00</field2>
      <field3>77.00</field3>
      <field4>6413.99</field4>
      <field5>997.75</field5>
      <id type="integer" nil="true"/>
    </feed>
    <feed>
      <created-at type="dateTime">2018-03-02T11:08:16Z</created-at>
      <entry-id type="integer">77</entry-id>
      <field1>20.93</field1>
      <field2>52.00</field2>
      <field3>77.00</field3>
      <field4>6418.70</field4>
      <field5>997.69</field5>
      <id type="integer" nil="true"/>
    </feed>
    <feed>
      <created-at type="dateTime">2018-03-02T11:08:42Z</created-at>
      <entry-id type="integer">78</entry-id>
      <field1>21.03</field1>
      <field2>52.00</field2>
      <field3>77.00</field3>
      <field4>6399.90</field4>
      <field5>997.67</field5>
      <id type="integer" nil="true"/>
    </feed>
    <feed>
      <created-at type="dateTime">2018-03-02T11:09:06Z</created-at>
      <entry-id type="integer">79</entry-id>
      <field1>21.14</field1>
      <field2>52.00</field2>
      <field3>77.00</field3>
      <field4>6413.99</field4>
      <field5>997.17</field5>
      <id type="integer" nil="true"/>
    </feed>
    <feed>
      <created-at type="dateTime">2018-03-02T11:09:30Z</created-at>
      <entry-id type="integer">80</entry-id>
      <field1>21.13</field1>
      <field2>52.00</field2>
      <field3>77.00</field3>
      <field4>6413.99</field4>
      <field5>997.73</field5>
      <id type="integer" nil="true"/>
    </feed>
    <feed>
      <created-at type="dateTime">2018-03-02T11:09:57Z</created-at>
      <entry-id type="integer">81</entry-id>
      <field1>21.17</field1>
      <field2>52.00</field2>
      <field3>77.00</field3>
      <field4>6399.90</field4>
      <field5>997.67</field5>
      <id type="integer" nil="true"/>
    </feed>
    <feed>
      <created-at type="dateTime">2018-03-02T11:10:21Z</created-at>
      <entry-id type="integer">82</entry-id>
      <field1>21.13</field1>
      <field2>52.00</field2>
      <field3>77.00</field3>
      <field4>6409.30</field4>
      <field5>997.70</field5>
      <id type="integer" nil="true"/>
    </feed>
    <feed>
      <created-at type="dateTime">2018-03-02T11:10:52Z</created-at>
      <entry-id type="integer">83</entry-id>
      <field1>21.09</field1>
      <field2>52.00</field2>
      <field3>77.00</field3>
      <field4>6395.20</field4>
      <field5>997.65</field5>
      <id type="integer" nil="true"/>
    </feed>
    <feed>
      <created-at type="dateTime">2018-03-02T11:11:16Z</created-at>
      <entry-id type="integer">84</entry-id>
      <field1>21.11</field1>
      <field2>52.00</field2>
      <field3>77.00</field3>
      <field4>6404.59</field4>
      <field5>997.74</field5>
      <id type="integer" nil="true"/>
    </feed>
    <feed>
      <created-at type="dateTime">2018-03-02T11:11:41Z</created-at>
      <entry-id type="integer">85</entry-id>
      <field1>21.03</field1>
      <field2>52.00</field2>
      <field3>77.00</field3>
      <field4>6404.59</field4>
      <field5>997.66</field5>
      <id type="integer" nil="true"/>
    </feed>
    <feed>
      <created-at type="dateTime">2018-03-02T11:12:05Z</created-at>
      <entry-id type="integer">86</entry-id>
      <field1>21.12</field1>
      <field2>52.00</field2>
      <field3>77.00</field3>
      <field4>6404.59</field4>
      <field5>997.67</field5>
      <id type="integer" nil="true"/>
    </feed>
    <feed>
      <created-at type="dateTime">2018-03-02T11:12:29Z</created-at>
      <entry-id type="integer">87</entry-id>
      <field1>21.17</field1>
      <field2>52.00</field2>
      <field3>77.00</field3>
      <field4>6404.59</field4>
      <field5>997.69</field5>
      <id type="integer" nil="true"/>
    </feed>
    <feed>
      <created-at type="dateTime">2018-03-02T11:12:53Z</created-at>
      <entry-id type="integer">88</entry-id>
      <field1>21.25</field1>
      <field2>52.00</field2>
      <field3>77.00</field3>
      <field4>6399.90</field4>
      <field5>997.69</field5>
      <id type="integer" nil="true"/>
    </feed>
    <feed>
      <created-at type="dateTime">2018-03-02T11:13:17Z</created-at>
      <entry-id type="integer">89</entry-id>
      <field1>21.24</field1>
      <field2>52.00</field2>
      <field3>77.00</field3>
      <field4>6404.59</field4>
      <field5>997.70</field5>
      <id type="integer" nil="true"/>
    </feed>
    <feed>
      <created-at type="dateTime">2018-03-02T11:13:42Z</created-at>
      <entry-id type="integer">90</entry-id>
      <field1>21.24</field1>
      <field2>52.00</field2>
      <field3>77.00</field3>
      <field4>6395.20</field4>
      <field5>997.73</field5>
      <id type="integer" nil="true"/>
    </feed>
    <feed>
      <created-at type="dateTime">2018-03-02T11:14:08Z</created-at>
      <entry-id type="integer">91</entry-id>
      <field1>21.25</field1>
      <field2>52.00</field2>
      <field3>77.00</field3>
      <field4>6381.09</field4>
      <field5>997.67</field5>
      <id type="integer" nil="true"/>
    </feed>
    <feed>
      <created-at type="dateTime">2018-03-02T11:14:32Z</created-at>
      <entry-id type="integer">92</entry-id>
      <field1>21.25</field1>
      <field2>52.00</field2>
      <field3>77.00</field3>
      <field4>6399.90</field4>
      <field5>997.66</field5>
      <id type="integer" nil="true"/>
    </feed>
    <feed>
      <created-at type="dateTime">2018-03-02T11:14:56Z</created-at>
      <entry-id type="integer">93</entry-id>
      <field1>21.27</field1>
      <field2>52.00</field2>
      <field3>77.00</field3>
      <field4>6395.20</field4>
      <field5>997.62</field5>
      <id type="integer" nil="true"/>
    </feed>
    <feed>
      <created-at type="dateTime">2018-03-02T11:15:20Z</created-at>
      <entry-id type="integer">94</entry-id>
      <field1>21.28</field1>
      <field2>52.00</field2>
      <field3>77.00</field3>
      <field4>6395.20</field4>
      <field5>997.67</field5>
      <id type="integer" nil="true"/>
    </feed>
    <feed>
      <created-at type="dateTime">2018-03-02T11:15:45Z</created-at>
      <entry-id type="integer">95</entry-id>
      <field1>21.28</field1>
      <field2>52.00</field2>
      <field3>77.00</field3>
      <field4>6399.90</field4>
      <field5>997.66</field5>
      <id type="integer" nil="true"/>
    </feed>
    <feed>
      <created-at type="dateTime">2018-03-02T11:16:11Z</created-at>
      <entry-id type="integer">96</entry-id>
      <field1>21.28</field1>
      <field2>52.00</field2>
      <field3>77.00</field3>
      <field4>6385.80</field4>
      <field5>997.58</field5>
      <id type="integer" nil="true"/>
    </feed>
    <feed>
      <created-at type="dateTime">2018-03-02T11:16:35Z</created-at>
      <entry-id type="integer">97</entry-id>
      <field1>21.34</field1>
      <field2>52.00</field2>
      <field3>77.00</field3>
      <field4>6395.20</field4>
      <field5>997.61</field5>
      <id type="integer" nil="true"/>
    </feed>
    <feed>
      <created-at type="dateTime">2018-03-02T11:17:01Z</created-at>
      <entry-id type="integer">98</entry-id>
      <field1>21.40</field1>
      <field2>52.00</field2>
      <field3>77.00</field3>
      <field4>6385.80</field4>
      <field5>997.64</field5>
      <id type="integer" nil="true"/>
    </feed>
    <feed>
      <created-at type="dateTime">2018-03-02T11:17:25Z</created-at>
      <entry-id type="integer">99</entry-id>
      <field1>21.43</field1>
      <field2>52.00</field2>
      <field3>77.00</field3>
      <field4>6395.20</field4>
      <field5>997.54</field5>
      <id type="integer" nil="true"/>
    </feed>
    <feed>
      <created-at type="dateTime">2018-03-02T11:17:50Z</created-at>
      <entry-id type="integer">100</entry-id>
      <field1>21.48</field1>
      <field2>52.00</field2>
      <field3>77.00</field3>
      <field4>6395.20</field4>
      <field5>997.71</field5>
      <id type="integer" nil="true"/>
    </feed>
    <feed>
      <created-at type="dateTime">2018-03-02T11:18:14Z</created-at>
      <entry-id type="integer">101</entry-id>
      <field1>21.54</field1>
      <field2>52.00</field2>
      <field3>77.00</field3>
      <field4>6390.49</field4>
      <field5>997.64</field5>
      <id type="integer" nil="true"/>
    </feed>
    <feed>
      <created-at type="dateTime">2018-03-02T11:18:38Z</created-at>
      <entry-id type="integer">102</entry-id>
      <field1>21.59</field1>
      <field2>52.00</field2>
      <field3>77.00</field3>
      <field4>6395.20</field4>
      <field5>997.60</field5>
      <id type="integer" nil="true"/>
    </feed>
    <feed>
      <created-at type="dateTime">2018-03-02T11:19:03Z</created-at>
      <entry-id type="integer">103</entry-id>
      <field1>21.54</field1>
      <field2>52.00</field2>
      <field3>77.00</field3>
      <field4>6395.20</field4>
      <field5>997.60</field5>
      <id type="integer" nil="true"/>
    </feed>
    <feed>
      <created-at type="dateTime">2018-03-02T11:19:29Z</created-at>
      <entry-id type="integer">104</entry-id>
      <field1>21.47</field1>
      <field2>52.00</field2>
      <field3>77.00</field3>
      <field4>6385.80</field4>
      <field5>997.66</field5>
      <id type="integer" nil="true"/>
    </feed>
    <feed>
      <created-at type="dateTime">2018-03-02T11:19:53Z</created-at>
      <entry-id type="integer">105</entry-id>
      <field1>21.52</field1>
      <field2>52.00</field2>
      <field3>77.00</field3>
      <field4>6395.20</field4>
      <field5>997.67</field5>
      <id type="integer" nil="true"/>
    </feed>
    <feed>
      <created-at type="dateTime">2018-03-02T11:20:18Z</created-at>
      <entry-id type="integer">106</entry-id>
      <field1>21.62</field1>
      <field2>52.00</field2>
      <field3>77.00</field3>
      <field4>6395.20</field4>
      <field5>997.62</field5>
      <id type="integer" nil="true"/>
    </feed>
    <feed>
      <created-at type="dateTime">2018-03-02T11:20:42Z</created-at>
      <entry-id type="integer">107</entry-id>
      <field1>21.64</field1>
      <field2>52.00</field2>
      <field3>77.00</field3>
      <field4>6399.90</field4>
      <field5>997.63</field5>
      <id type="integer" nil="true"/>
    </feed>
    <feed>
      <created-at type="dateTime">2018-03-02T11:21:06Z</created-at>
      <entry-id type="integer">108</entry-id>
      <field1>21.58</field1>
      <field2>52.00</field2>
      <field3>77.00</field3>
      <field4>6395.20</field4>
      <field5>997.62</field5>
      <id type="integer" nil="true"/>
    </feed>
    <feed>
      <created-at type="dateTime">2018-03-02T11:21:31Z</created-at>
      <entry-id type="integer">109</entry-id>
      <field1>21.56</field1>
      <field2>52.00</field2>
      <field3>77.00</field3>
      <field4>6395.20</field4>
      <field5>997.66</field5>
      <id type="integer" nil="true"/>
    </feed>
    <feed>
      <created-at type="dateTime">2018-03-02T11:21:55Z</created-at>
      <entry-id type="integer">110</entry-id>
      <field1>21.65</field1>
      <field2>52.00</field2>
      <field3>77.00</field3>
      <field4>6395.20</field4>
      <field5>997.64</field5>
      <id type="integer" nil="true"/>
    </feed>
    <feed>
      <created-at type="dateTime">2018-03-02T11:22:19Z</created-at>
      <entry-id type="integer">111</entry-id>
      <field1>21.70</field1>
      <field2>52.00</field2>
      <field3>77.00</field3>
      <field4>6395.20</field4>
      <field5>997.66</field5>
      <id type="integer" nil="true"/>
    </feed>
    <feed>
      <created-at type="dateTime">2018-03-02T11:22:43Z</created-at>
      <entry-id type="integer">112</entry-id>
      <field1>21.72</field1>
      <field2>52.00</field2>
      <field3>77.00</field3>
      <field4>6390.49</field4>
      <field5>997.68</field5>
      <id type="integer" nil="true"/>
    </feed>
    <feed>
      <created-at type="dateTime">2018-03-02T11:23:07Z</created-at>
      <entry-id type="integer">113</entry-id>
      <field1>21.64</field1>
      <field2>52.00</field2>
      <field3>77.00</field3>
      <field4>6390.49</field4>
      <field5>997.63</field5>
      <id type="integer" nil="true"/>
    </feed>
    <feed>
      <created-at type="dateTime">2018-03-02T11:23:32Z</created-at>
      <entry-id type="integer">114</entry-id>
      <field1>21.69</field1>
      <field2>52.00</field2>
      <field3>77.00</field3>
      <field4>6395.20</field4>
      <field5>997.59</field5>
      <id type="integer" nil="true"/>
    </feed>
    <feed>
      <created-at type="dateTime">2018-03-02T11:23:56Z</created-at>
      <entry-id type="integer">115</entry-id>
      <field1>21.63</field1>
      <field2>52.00</field2>
      <field3>77.00</field3>
      <field4>6390.49</field4>
      <field5>997.57</field5>
      <id type="integer" nil="true"/>
    </feed>
    <feed>
      <created-at type="dateTime">2018-03-02T11:24:20Z</created-at>
      <entry-id type="integer">116</entry-id>
      <field1>21.68</field1>
      <field2>52.00</field2>
      <field3>77.00</field3>
      <field4>6390.49</field4>
      <field5>997.61</field5>
      <id type="integer" nil="true"/>
    </feed>
    <feed>
      <created-at type="dateTime">2018-03-02T11:24:44Z</created-at>
      <entry-id type="integer">117</entry-id>
      <field1>21.65</field1>
      <field2>52.00</field2>
      <field3>77.00</field3>
      <field4>6390.49</field4>
      <field5>997.61</field5>
      <id type="integer" nil="true"/>
    </feed>
    <feed>
      <created-at type="dateTime">2018-03-02T11:25:12Z</created-at>
      <entry-id type="integer">118</entry-id>
      <field1>21.62</field1>
      <field2>52.00</field2>
      <field3>77.00</field3>
      <field4>6376.40</field4>
      <field5>997.57</field5>
      <id type="integer" nil="true"/>
    </feed>
    <feed>
      <created-at type="dateTime">2018-03-02T11:25:37Z</created-at>
      <entry-id type="integer">119</entry-id>
      <field1>21.62</field1>
      <field2>52.00</field2>
      <field3>77.00</field3>
      <field4>6385.80</field4>
      <field5>997.57</field5>
      <id type="integer" nil="true"/>
    </feed>
    <feed>
      <created-at type="dateTime">2018-03-02T11:26:02Z</created-at>
      <entry-id type="integer">120</entry-id>
      <field1>21.64</field1>
      <field2>52.00</field2>
      <field3>77.00</field3>
      <field4>6385.80</field4>
      <field5>997.53</field5>
      <id type="integer" nil="true"/>
    </feed>
    <feed>
      <created-at type="dateTime">2018-03-02T11:26:26Z</created-at>
      <entry-id type="integer">121</entry-id>
      <field1>21.58</field1>
      <field2>52.00</field2>
      <field3>77.00</field3>
      <field4>6395.20</field4>
      <field5>997.52</field5>
      <id type="integer" nil="true"/>
    </feed>
    <feed>
      <created-at type="dateTime">2018-03-02T11:26:50Z</created-at>
      <entry-id type="integer">122</entry-id>
      <field1>21.65</field1>
      <field2>52.00</field2>
      <field3>77.00</field3>
      <field4>6399.90</field4>
      <field5>997.58</field5>
      <id type="integer" nil="true"/>
    </feed>
    <feed>
      <created-at type="dateTime">2018-03-02T11:27:14Z</created-at>
      <entry-id type="integer">123</entry-id>
      <field1>21.62</field1>
      <field2>52.00</field2>
      <field3>77.00</field3>
      <field4>6390.49</field4>
      <field5>997.52</field5>
      <id type="integer" nil="true"/>
    </feed>
    <feed>
      <created-at type="dateTime">2018-03-02T11:27:39Z</created-at>
      <entry-id type="integer">124</entry-id>
      <field1>21.53</field1>
      <field2>52.00</field2>
      <field3>77.00</field3>
      <field4>6395.20</field4>
      <field5>997.50</field5>
      <id type="integer" nil="true"/>
    </feed>
    <feed>
      <created-at type="dateTime">2018-03-02T11:28:03Z</created-at>
      <entry-id type="integer">125</entry-id>
      <field1>21.53</field1>
      <field2>52.00</field2>
      <field3>77.00</field3>
      <field4>6390.49</field4>
      <field5>997.51</field5>
      <id type="integer" nil="true"/>
    </feed>
    <feed>
      <created-at type="dateTime">2018-03-02T11:28:27Z</created-at>
      <entry-id type="integer">126</entry-id>
      <field1>21.59</field1>
      <field2>52.00</field2>
      <field3>77.00</field3>
      <field4>6390.49</field4>
      <field5>997.49</field5>
      <id type="integer" nil="true"/>
    </feed>
    <feed>
      <created-at type="dateTime">2018-03-02T11:28:53Z</created-at>
      <entry-id type="integer">127</entry-id>
      <field1>21.61</field1>
      <field2>52.00</field2>
      <field3>77.00</field3>
      <field4>6385.80</field4>
      <field5>997.56</field5>
      <id type="integer" nil="true"/>
    </feed>
    <feed>
      <created-at type="dateTime">2018-03-02T11:29:18Z</created-at>
      <entry-id type="integer">128</entry-id>
      <field1>21.58</field1>
      <field2>52.00</field2>
      <field3>77.00</field3>
      <field4>6390.49</field4>
      <field5>997.46</field5>
      <id type="integer" nil="true"/>
    </feed>
    <feed>
      <created-at type="dateTime">2018-03-02T11:29:42Z</created-at>
      <entry-id type="integer">129</entry-id>
      <field1>21.59</field1>
      <field2>52.00</field2>
      <field3>77.00</field3>
      <field4>6385.80</field4>
      <field5>997.49</field5>
      <id type="integer" nil="true"/>
    </feed>
    <feed>
      <created-at type="dateTime">2018-03-02T11:30:08Z</created-at>
      <entry-id type="integer">130</entry-id>
      <field1>21.56</field1>
      <field2>52.00</field2>
      <field3>77.00</field3>
      <field4>6390.49</field4>
      <field5>997.41</field5>
      <id type="integer" nil="true"/>
    </feed>
    <feed>
      <created-at type="dateTime">2018-03-02T11:30:31Z</created-at>
      <entry-id type="integer">131</entry-id>
      <field1>21.58</field1>
      <field2>52.00</field2>
      <field3>77.00</field3>
      <field4>6390.49</field4>
      <field5>997.37</field5>
      <id type="integer" nil="true"/>
    </feed>
    <feed>
      <created-at type="dateTime">2018-03-02T11:30:55Z</created-at>
      <entry-id type="integer">132</entry-id>
      <field1>21.63</field1>
      <field2>52.00</field2>
      <field3>77.00</field3>
      <field4>6390.49</field4>
      <field5>997.45</field5>
      <id type="integer" nil="true"/>
    </feed>
    <feed>
      <created-at type="dateTime">2018-03-02T11:31:20Z</created-at>
      <entry-id type="integer">133</entry-id>
      <field1>21.54</field1>
      <field2>52.00</field2>
      <field3>77.00</field3>
      <field4>6395.20</field4>
      <field5>997.40</field5>
      <id type="integer" nil="true"/>
    </feed>
    <feed>
      <created-at type="dateTime">2018-03-02T11:31:44Z</created-at>
      <entry-id type="integer">134</entry-id>
      <field1>21.49</field1>
      <field2>52.00</field2>
      <field3>77.00</field3>
      <field4>6395.20</field4>
      <field5>997.38</field5>
      <id type="integer" nil="true"/>
    </feed>
    <feed>
      <created-at type="dateTime">2018-03-02T11:32:08Z</created-at>
      <entry-id type="integer">135</entry-id>
      <field1>21.45</field1>
      <field2>52.00</field2>
      <field3>77.00</field3>
      <field4>6395.20</field4>
      <field5>997.33</field5>
      <id type="integer" nil="true"/>
    </feed>
    <feed>
      <created-at type="dateTime">2018-03-02T11:32:32Z</created-at>
      <entry-id type="integer">136</entry-id>
      <field1>21.45</field1>
      <field2>52.00</field2>
      <field3>77.00</field3>
      <field4>6390.49</field4>
      <field5>997.43</field5>
      <id type="integer" nil="true"/>
    </feed>
    <feed>
      <created-at type="dateTime">2018-03-02T11:32:56Z</created-at>
      <entry-id type="integer">137</entry-id>
      <field1>21.46</field1>
      <field2>52.00</field2>
      <field3>77.00</field3>
      <field4>6390.49</field4>
      <field5>997.42</field5>
      <id type="integer" nil="true"/>
    </feed>
    <feed>
      <created-at type="dateTime">2018-03-02T11:33:20Z</created-at>
      <entry-id type="integer">138</entry-id>
      <field1>21.43</field1>
      <field2>52.00</field2>
      <field3>77.00</field3>
      <field4>6385.80</field4>
      <field5>997.51</field5>
      <id type="integer" nil="true"/>
    </feed>
    <feed>
      <created-at type="dateTime">2018-03-02T11:33:44Z</created-at>
      <entry-id type="integer">139</entry-id>
      <field1>21.45</field1>
      <field2>52.00</field2>
      <field3>77.00</field3>
      <field4>6390.49</field4>
      <field5>997.50</field5>
      <id type="integer" nil="true"/>
    </feed>
    <feed>
      <created-at type="dateTime">2018-03-02T11:34:09Z</created-at>
      <entry-id type="integer">140</entry-id>
      <field1>21.48</field1>
      <field2>52.00</field2>
      <field3>77.00</field3>
      <field4>6385.80</field4>
      <field5>997.47</field5>
      <id type="integer" nil="true"/>
    </feed>
    <feed>
      <created-at type="dateTime">2018-03-02T11:34:35Z</created-at>
      <entry-id type="integer">141</entry-id>
      <field1>21.40</field1>
      <field2>52.00</field2>
      <field3>77.00</field3>
      <field4>6381.09</field4>
      <field5>997.44</field5>
      <id type="integer" nil="true"/>
    </feed>
    <feed>
      <created-at type="dateTime">2018-03-02T11:34:59Z</created-at>
      <entry-id type="integer">142</entry-id>
      <field1>21.33</field1>
      <field2>52.00</field2>
      <field3>77.00</field3>
      <field4>6390.49</field4>
      <field5>997.48</field5>
      <id type="integer" nil="true"/>
    </feed>
    <feed>
      <created-at type="dateTime">2018-03-02T11:35:23Z</created-at>
      <entry-id type="integer">143</entry-id>
      <field1>21.31</field1>
      <field2>52.00</field2>
      <field3>77.00</field3>
      <field4>6390.49</field4>
      <field5>997.50</field5>
      <id type="integer" nil="true"/>
    </feed>
    <feed>
      <created-at type="dateTime">2018-03-02T11:35:47Z</created-at>
      <entry-id type="integer">144</entry-id>
      <field1>21.35</field1>
      <field2>52.00</field2>
      <field3>77.00</field3>
      <field4>6390.49</field4>
      <field5>997.53</field5>
      <id type="integer" nil="true"/>
    </feed>
    <feed>
      <created-at type="dateTime">2018-03-02T11:36:12Z</created-at>
      <entry-id type="integer">145</entry-id>
      <field1>21.40</field1>
      <field2>52.00</field2>
      <field3>77.00</field3>
      <field4>6381.09</field4>
      <field5>997.51</field5>
      <id type="integer" nil="true"/>
    </feed>
    <feed>
      <created-at type="dateTime">2018-03-02T11:36:37Z</created-at>
      <entry-id type="integer">146</entry-id>
      <field1>21.38</field1>
      <field2>52.00</field2>
      <field3>77.00</field3>
      <field4>6390.49</field4>
      <field5>997.50</field5>
      <id type="integer" nil="true"/>
    </feed>
    <feed>
      <created-at type="dateTime">2018-03-02T11:37:01Z</created-at>
      <entry-id type="integer">147</entry-id>
      <field1>21.29</field1>
      <field2>52.00</field2>
      <field3>77.00</field3>
      <field4>6395.20</field4>
      <field5>997.50</field5>
      <id type="integer" nil="true"/>
    </feed>
    <feed>
      <created-at type="dateTime">2018-03-02T11:37:25Z</created-at>
      <entry-id type="integer">148</entry-id>
      <field1>21.33</field1>
      <field2>52.00</field2>
      <field3>77.00</field3>
      <field4>6390.49</field4>
      <field5>997.45</field5>
      <id type="integer" nil="true"/>
    </feed>
    <feed>
      <created-at type="dateTime">2018-03-02T11:37:49Z</created-at>
      <entry-id type="integer">149</entry-id>
      <field1>21.34</field1>
      <field2>52.00</field2>
      <field3>77.00</field3>
      <field4>6390.49</field4>
      <field5>997.42</field5>
      <id type="integer" nil="true"/>
    </feed>
    <feed>
      <created-at type="dateTime">2018-03-02T11:38:13Z</created-at>
      <entry-id type="integer">150</entry-id>
      <field1>21.28</field1>
      <field2>52.00</field2>
      <field3>77.00</field3>
      <field4>6390.49</field4>
      <field5>997.51</field5>
      <id type="integer" nil="true"/>
    </feed>
    <feed>
      <created-at type="dateTime">2018-03-02T11:38:38Z</created-at>
      <entry-id type="integer">151</entry-id>
      <field1>21.28</field1>
      <field2>52.00</field2>
      <field3>77.00</field3>
      <field4>6390.49</field4>
      <field5>997.48</field5>
      <id type="integer" nil="true"/>
    </feed>
    <feed>
      <created-at type="dateTime">2018-03-02T11:39:02Z</created-at>
      <entry-id type="integer">152</entry-id>
      <field1>21.31</field1>
      <field2>52.00</field2>
      <field3>77.00</field3>
      <field4>6385.80</field4>
      <field5>997.52</field5>
      <id type="integer" nil="true"/>
    </feed>
    <feed>
      <created-at type="dateTime">2018-03-02T11:39:26Z</created-at>
      <entry-id type="integer">153</entry-id>
      <field1>21.29</field1>
      <field2>52.00</field2>
      <field3>77.00</field3>
      <field4>6385.80</field4>
      <field5>997.52</field5>
      <id type="integer" nil="true"/>
    </feed>
    <feed>
      <created-at type="dateTime">2018-03-02T11:39:51Z</created-at>
      <entry-id type="integer">154</entry-id>
      <field1>21.25</field1>
      <field2>52.00</field2>
      <field3>77.00</field3>
      <field4>6385.80</field4>
      <field5>997.52</field5>
      <id type="integer" nil="true"/>
    </feed>
    <feed>
      <created-at type="dateTime">2018-03-02T11:40:15Z</created-at>
      <entry-id type="integer">155</entry-id>
      <field1>21.20</field1>
      <field2>52.00</field2>
      <field3>77.00</field3>
      <field4>6390.49</field4>
      <field5>997.55</field5>
      <id type="integer" nil="true"/>
    </feed>
    <feed>
      <created-at type="dateTime">2018-03-02T11:40:39Z</created-at>
      <entry-id type="integer">156</entry-id>
      <field1>21.29</field1>
      <field2>52.00</field2>
      <field3>77.00</field3>
      <field4>6390.49</field4>
      <field5>997.52</field5>
      <id type="integer" nil="true"/>
    </feed>
    <feed>
      <created-at type="dateTime">2018-03-02T11:41:03Z</created-at>
      <entry-id type="integer">157</entry-id>
      <field1>21.21</field1>
      <field2>52.00</field2>
      <field3>77.00</field3>
      <field4>6376.40</field4>
      <field5>997.51</field5>
      <id type="integer" nil="true"/>
    </feed>
    <feed>
      <created-at type="dateTime">2018-03-02T11:41:27Z</created-at>
      <entry-id type="integer">158</entry-id>
      <field1>21.30</field1>
      <field2>52.00</field2>
      <field3>77.00</field3>
      <field4>6385.80</field4>
      <field5>997.44</field5>
      <id type="integer" nil="true"/>
    </feed>
    <feed>
      <created-at type="dateTime">2018-03-02T11:41:52Z</created-at>
      <entry-id type="integer">159</entry-id>
      <field1>21.28</field1>
      <field2>52.00</field2>
      <field3>77.00</field3>
      <field4>6385.80</field4>
      <field5>997.49</field5>
      <id type="integer" nil="true"/>
    </feed>
    <feed>
      <created-at type="dateTime">2018-03-02T11:42:16Z</created-at>
      <entry-id type="integer">160</entry-id>
      <field1>21.11</field1>
      <field2>52.00</field2>
      <field3>77.00</field3>
      <field4>6385.80</field4>
      <field5>997.47</field5>
      <id type="integer" nil="true"/>
    </feed>
    <feed>
      <created-at type="dateTime">2018-03-02T11:42:41Z</created-at>
      <entry-id type="integer">161</entry-id>
      <field1>21.02</field1>
      <field2>52.00</field2>
      <field3>77.00</field3>
      <field4>6385.80</field4>
      <field5>997.39</field5>
      <id type="integer" nil="true"/>
    </feed>
  </feeds>
</channel>