{"channel":{"id":363234,"name":"Pruebas Marzo  2018","latitude":"38.949966","longitude":"-0.196226","field1":"Temperatura (ºC)","field2":"Humedad (%)","field3":"Salinidad (%)","field4":"Iluminación (lux)","field5":"Presión (mb)","created_at":"2017-11-12T12:36:08Z","updated_at":"2018-03-02T11:42:40Z","last_entry_id":161},"feeds":[{"created_at":"2018-03-02T11:02:11Z","entry_id":62,"field1":"20.40","field2":"52.00","field3":"77.00","field4":"6404.59","field5":"997.82"},{"created_at":"2018-03-02T11:02:35Z","entry_id":63,"field1":"20.62","field2":"52.00","field3":"77.00","field4":"6404.59","field5":"997.80"},{"created_at":"2018-03-02T11:02:59Z","entry_id":64,"field1":"20.67","field2":"52.00","field3":"77.00","field4":"6399.90","field5":"997.82"},{"created_at":"2018-03-02T11:03:24Z","entry_id":65,"field1":"20.66","field2":"52.00","field3":"77.00","field4":"6395.20","field5":"997.82"},{"created_at":"2018-03-02T11:03:48Z","entry_id":66,"field1":"20.67","field2":"52.00","field3":"77.00","field4":"6399.90","field5":"997.72"},{"created_at":"2018-03-02T11:04:12Z","entry_id":67,"field1":"20.90","field2":"52.00","field3":"77.00","field4":"6390.49","field5":"997.72"},{"created_at":"2018-03-02T11:04:36Z","entry_id":68,"field1":"20.96","field2":"52.00","field3":"77.00","field4":"6390.49","field5":"997.75"},{"created_at":"2018-03-02T11:05:00Z","entry_id":69,"field1":"21.04","field2":"52.00","field3":"77.00","field4":"6376.40","field5":"997.67"},{"created_at":"2018-03-02T11:05:25Z","entry_id":70,"field1":"21.00","field2":"52.00","field3":"77.00","field4":"6423.40","field5":"997.69"},{"created_at":"2018-03-02T11:05:49Z","entry_id":71,"field1":"20.96","field2":"52.00","field3":"77.00","field4":"6423.40","field5":"997.71"},{"created_at":"2018-03-02T11:06:13Z","entry_id":72,"field1":"20.97","field2":"52.00","field3":"77.00","field4":"6428.09","field5":"997.72"},{"created_at":"2018-03-02T11:06:39Z","entry_id":73,"field1":"20.80","field2":"52.00","field3":"77.00","field4":"6409.30","field5":"997.75"},{"created_at":"2018-03-02T11:07:04Z","entry_id":74,"field1":"20.91","field2":"52.00","field3":"77.00","field4":"6423.40","field5":"997.73"},{"created_at":"2018-03-02T11:07:28Z","entry_id":75,"field1":"20.93","field2":"52.00","field3":"77.00","field4":"6409.30","field5":"997.47"},{"created_at":"2018-03-02T11:07:52Z","entry_id":76,"field1":"20.84","field2":"52.00","field3":"77.00","field4":"6413.99","field5":"997.75"},{"created_at":"2018-03-02T11:08:16Z","entry_id":77,"field1":"20.93","field2":"52.00","field3":"77.00","field4":"6418.70","field5":"997.69"},{"created_at":"2018-03-02T11:08:42Z","entry_id":78,"field1":"21.03","field2":"52.00","field3":"77.00","field4":"6399.90","field5":"997.67"},{"created_at":"2018-03-02T11:09:06Z","entry_id":79,"field1":"21.14","field2":"52.00","field3":"77.00","field4":"6413.99","field5":"997.17"},{"created_at":"2018-03-02T11:09:30Z","entry_id":80,"field1":"21.13","field2":"52.00","field3":"77.00","field4":"6413.99","field5":"997.73"},{"created_at":"2018-03-02T11:09:57Z","entry_id":81,"field1":"21.17","field2":"52.00","field3":"77.00","field4":"6399.90","field5":"997.67"},{"created_at":"2018-03-02T11:10:21Z","entry_id":82,"field1":"21.13","field2":"52.00","field3":"77.00","field4":"6409.30","field5":"997.70"},{"created_at":"2018-03-02T11:10:52Z","entry_id":83,"field1":"21.09","field2":"52.00","field3":"77.00","field4":"6395.20","field5":"997.65"},{"created_at":"2018-03-02T11:11:16Z","entry_id":84,"field1":"21.11","field2":"52.00","field3":"77.00","field4":"6404.59","field5":"997.74"},{"created_at":"2018-03-02T11:11:41Z","entry_id":85,"field1":"21.03","field2":"52.00","field3":"77.00","field4":"6404.59","field5":"997.66"},{"created_at":"2018-03-02T11:12:05Z","entry_id":86,"field1":"21.12","field2":"52.00","field3":"77.00","field4":"6404.59","field5":"997.67"},{"created_at":"2018-03-02T11:12:29Z","entry_id":87,"field1":"21.17","field2":"52.00","field3":"77.00","field4":"6404.59","field5":"997.69"},{"created_at":"2018-03-02T11:12:53Z","entry_id":88,"field1":"21.25","field2":"52.00","field3":"77.00","field4":"6399.90","field5":"997.69"},{"created_at":"2018-03-02T11:13:17Z","entry_id":89,"field1":"21.24","field2":"52.00","field3":"77.00","field4":"6404.59","field5":"997.70"},{"created_at":"2018-03-02T11:13:42Z","entry_id":90,"field1":"21.24","field2":"52.00","field3":"77.00","field4":"6395.20","field5":"997.73"},{"created_at":"2018-03-02T11:14:08Z","entry_id":91,"field1":"21.25","field2":"52.00","field3":"77.00","field4":"6381.09","field5":"997.67"},{"created_at":"2018-03-02T11:14:32Z","entry_id":92,"field1":"21.25","field2":"52.00","field3":"77.00","field4":"6399.90","field5":"997.66"},{"created_at":"2018-03-02T11:14:56Z","entry_id":93,"field1":"21.27","field2":"52.00","field3":"77.00","field4":"6395.20","field5":"997.62"},{"created_at":"2018-03-02T11:15:20Z","entry_id":94,"field1":"21.28","field2":"52.00","field3":"77.00","field4":"6395.20","field5":"997.67"},{"created_at":"2018-03-02T11:15:45Z","entry_id":95,"field1":"21.28","field2":"52.00","field3":"77.00","field4":"6399.90","field5":"997.66"},{"created_at":"2018-03-02T11:16:11Z","entry_id":96,"field1":"21.28","field2":"52.00","field3":"77.00","field4":"6385.80","field5":"997.58"},{"created_at":"2018-03-02T11:16:35Z","entry_id":97,"field1":"21.34","field2":"52.00","field3":"77.00","field4":"6395.20","field5":"997.61"},{"created_at":"2018-03-02T11:17:01Z","entry_id":98,"field1":"21.40","field2":"52.00","field3":"77.00","field4":"6385.80","field5":"997.64"},{"created_at":"2018-03-02T11:17:25Z","entry_id":99,"field1":"21.43","field2":"52.00","field3":"77.00","field4":"6395.20","field5":"997.54"},{"created_at":"2018-03-02T11:17:50Z","entry_id":100,"field1":"21.48","field2":"52.00","field3":"77.00","field4":"6395.20","field5":"997.71"},{"created_at":"2018-03-02T11:18:14Z","entry_id":101,"field1":"21.54","field2":"52.00","field3":"77.00","field4":"6390.49","field5":"997.64"},{"created_at":"2018-03-02T11:18:38Z","entry_id":102,"field1":"21.59","field2":"52.00","field3":"77.00","field4":"6395.20","field5":"997.60"},{"created_at":"2018-03-02T11:19:03Z","entry_id":103,"field1":"21.54","field2":"52.00","field3":"77.00","field4":"6395.20","field5":"997.60"},{"created_at":"2018-03-02T11:19:29Z","entry_id":104,"field1":"21.47","field2":"52.00","field3":"77.00","field4":"6385.80","field5":"997.66"},{"created_at":"2018-03-02T11:19:53Z","entry_id":105,"field1":"21.52","field2":"52.00","field3":"77.00","field4":"6395.20","field5":"997.67"},{"created_at":"2018-03-02T11:20:18Z","entry_id":106,"field1":"21.62","field2":"52.00","field3":"77.00","field4":"6395.20","field5":"997.62"},{"created_at":"2018-03-02T11:20:42Z","entry_id":107,"field1":"21.64","field2":"52.00","field3":"77.00","field4":"6399.90","field5":"997.63"},{"created_at":"2018-03-02T11:21:06Z","entry_id":108,"field1":"21.58","field2":"52.00","field3":"77.00","field4":"6395.20","field5":"997.62"},{"created_at":"2018-03-02T11:21:31Z","entry_id":109,"field1":"21.56","field2":"52.00","field3":"77.00","field4":"6395.20","field5":"997.66"},{"created_at":"2018-03-02T11:21:55Z","entry_id":110,"field1":"21.65","field2":"52.00","field3":"77.00","field4":"6395.20","field5":"997.64"},{"created_at":"2018-03-02T11:22:19Z","entry_id":111,"field1":"21.70","field2":"52.00","field3":"77.00","field4":"6395.20","field5":"997.66"},{"created_at":"2018-03-02T11:22:43Z","entry_id":112,"field1":"21.72","field2":"52.00","field3":"77.00","field4":"6390.49","field5":"997.68"},{"created_at":"2018-03-02T11:23:07Z","entry_id":113,"field1":"21.64","field2":"52.00","field3":"77.00","field4":"6390.49","field5":"997.63"},{"created_at":"2018-03-02T11:23:32Z","entry_id":114,"field1":"21.69","field2":"52.00","field3":"77.00","field4":"6395.20","field5":"997.59"},{"created_at":"2018-03-02T11:23:56Z","entry_id":115,"field1":"21.63","field2":"52.00","field3":"77.00","field4":"6390.49","field5":"997.57"},{"created_at":"2018-03-02T11:24:20Z","entry_id":116,"field1":"21.68","field2":"52.00","field3":"77.00","field4":"6390.49","field5":"997.61"},{"created_at":"2018-03-02T11:24:44Z","entry_id":117,"field1":"21.65","field2":"52.00","field3":"77.00","field4":"6390.49","field5":"997.61"},{"created_at":"2018-03-02T11:25:12Z","entry_id":118,"field1":"21.62","field2":"52.00","field3":"77.00","field4":"6376.40","field5":"997.57"},{"created_at":"2018-03-02T11:25:37Z","entry_id":119,"field1":"21.62","field2":"52.00","field3":"77.00","field4":"6385.80","field5":"997.57"},{"created_at":"2018-03-02T11:26:02Z","entry_id":120,"field1":"21.64","field2":"52.00","field3":"77.00","field4":"6385.80","field5":"997.53"},{"created_at":"2018-03-02T11:26:26Z","entry_id":121,"field1":"21.58","field2":"52.00","field3":"77.00","field4":"6395.20","field5":"997.52"},{"created_at":"2018-03-02T11:26:50Z","entry_id":122,"field1":"21.65","field2":"52.00","field3":"77.00","field4":"6399.90","field5":"997.58"},{"created_at":"2018-03-02T11:27:14Z","entry_id":123,"field1":"21.62","field2":"52.00","field3":"77.00","field4":"6390.49","field5":"997.52"},{"created_at":"2018-03-02T11:27:39Z","entry_id":124,"field1":"21.53","field2":"52.00","field3":"77.00","field4":"6395.20","field5":"997.50"},{"created_at":"2018-03-02T11:28:03Z","entry_id":125,"field1":"21.53","field2":"52.00","field3":"77.00","field4":"6390.49","field5":"997.51"},{"created_at":"2018-03-02T11:28:27Z","entry_id":126,"field1":"21.59","field2":"52.00","field3":"77.00","field4":"6390.49","field5":"997.49"},{"created_at":"2018-03-02T11:28:53Z","entry_id":127,"field1":"21.61","field2":"52.00","field3":"77.00","field4":"6385.80","field5":"997.56"},{"created_at":"2018-03-02T11:29:18Z","entry_id":128,"field1":"21.58","field2":"52.00","field3":"77.00","field4":"6390.49","field5":"997.46"},{"created_at":"2018-03-02T11:29:42Z","entry_id":129,"field1":"21.59","field2":"52.00","field3":"77.00","field4":"6385.80","field5":"997.49"},{"created_at":"2018-03-02T11:30:08Z","entry_id":130,"field1":"21.56","field2":"52.00","field3":"77.00","field4":"6390.49","field5":"997.41"},{"created_at":"2018-03-02T11:30:31Z","entry_id":131,"field1":"21.58","field2":"52.00","field3":"77.00","field4":"6390.49","field5":"997.37"},{"created_at":"2018-03-02T11:30:55Z","entry_id":132,"field1":"21.63","field2":"52.00","field3":"77.00","field4":"6390.49","field5":"997.45"},{"created_at":"2018-03-02T11:31:20Z","entry_id":133,"field1":"21.54","field2":"52.00","field3":"77.00","field4":"6395.20","field5":"997.40"},{"created_at":"2018-03-02T11:31:44Z","entry_id":134,"field1":"21.49","field2":"52.00","field3":"77.00","field4":"6395.20","field5":"997.38"},{"created_at":"2018-03-02T11:32:08Z","entry_id":135,"field1":"21.45","field2":"52.00","field3":"77.00","field4":"6395.20","field5":"997.33"},{"created_at":"2018-03-02T11:32:32Z","entry_id":136,"field1":"21.45","field2":"52.00","field3":"77.00","field4":"6390.49","field5":"997.43"},{"created_at":"2018-03-02T11:32:56Z","entry_id":137,"field1":"21.46","field2":"52.00","field3":"77.00","field4":"6390.49","field5":"997.42"},{"created_at":"2018-03-02T11:33:20Z","entry_id":138,"field1":"21.43","field2":"52.00","field3":"77.00","field4":"6385.80","field5":"997.51"},{"created_at":"2018-03-02T11:33:44Z","entry_id":139,"field1":"21.45","field2":"52.00","field3":"77.00","field4":"6390.49","field5":"997.50"},{"created_at":"2018-03-02T11:34:09Z","entry_id":140,"field1":"21.48","field2":"52.00","field3":"77.00","field4":"6385.80","field5":"997.47"},{"created_at":"2018-03-02T11:34:35Z","entry_id":141,"field1":"21.40","field2":"52.00","field3":"77.00","field4":"6381.09","field5":"997.44"},{"created_at":"2018-03-02T11:34:59Z","entry_id":142,"field1":"21.33","field2":"52.00","field3":"77.00","field4":"6390.49","field5":"997.48"},{"created_at":"2018-03-02T11:35:23Z","entry_id":143,"field1":"21.31","field2":"52.00","field3":"77.00","field4":"6390.49","field5":"997.50"},{"created_at":"2018-03-02T11:35:47Z","entry_id":144,"field1":"21.35","field2":"52.00","field3":"77.00","field4":"6390.49","field5":"997.53"},{"created_at":"2018-03-02T11:36:12Z","entry_id":145,"field1":"21.40","field2":"52.00","field3":"77.00","field4":"6381.09","field5":"997.51"},{"created_at":"2018-03-02T11:36:37Z","entry_id":146,"field1":"21.38","field2":"52.00","field3":"77.00","field4":"6390.49","field5":"997.50"},{"created_at":"2018-03-02T11:37:01Z","entry_id":147,"field1":"21.29","field2":"52.00","field3":"77.00","field4":"6395.20","field5":"997.50"},{"created_at":"2018-03-02T11:37:25Z","entry_id":148,"field1":"21.33","field2":"52.00","field3":"77.00","field4":"6390.49","field5":"997.45"},{"created_at":"2018-03-02T11:37:49Z","entry_id":149,"field1":"21.34","field2":"52.00","field3":"77.00","field4":"6390.49","field5":"997.42"},{"created_at":"2018-03-02T11:38:13Z","entry_id":150,"field1":"21.28","field2":"52.00","field3":"77.00","field4":"6390.49","field5":"997.51"},{"created_at":"2018-03-02T11:38:38Z","entry_id":151,"field1":"21.28","field2":"52.00","field3":"77.00","field4":"6390.49","field5":"997.48"},{"created_at":"2018-03-02T11:39:02Z","entry_id":152,"field1":"21.31","field2":"52.00","field3":"77.00","field4":"6385.80","field5":"997.52"},{"created_at":"2018-03-02T11:39:26Z","entry_id":153,"field1":"21.29","field2":"52.00","field3":"77.00","field4":"6385.80","field5":"997.52"},{"created_at":"2018-03-02T11:39:51Z","entry_id":154,"field1":"21.25","field2":"52.00","field3":"77.00","field4":"6385.80","field5":"997.52"},{"created_at":"2018-03-02T11:40:15Z","entry_id":155,"field1":"21.20","field2":"52.00","field3":"77.00","field4":"6390.49","field5":"997.55"},{"created_at":"2018-03-02T11:40:39Z","entry_id":156,"field1":"21.29","field2":"52.00","field3":"77.00","field4":"6390.49","field5":"997.52"},{"created_at":"2018-03-02T11:41:03Z","entry_id":157,"field1":"21.21","field2":"52.00","field3":"77.00","field4":"6376.40","field5":"997.51"},{"created_at":"2018-03-02T11:41:27Z","entry_id":158,"field1":"21.30","field2":"52.00","field3":"77.00","field4":"6385.80","field5":"997.44"},{"created_at":"2018-03-02T11:41:52Z","entry_id":159,"field1":"21.28","field2":"52.00","field3":"77.00","field4":"6385.80","field5":"997.49"},{"created_at":"2018-03-02T11:42:16Z","entry_id":160,"field1":"21.11","field2":"52.00","field3":"77.00","field4":"6385.80","field5":"997.47"},{"created_at":"2018-03-02T11:42:41Z","entry_id":161,"field1":"21.02","field2":"52.00","field3":"77.00","field4":"6385.80","field5":"997.39"}]}